first_name,last_name,address,date_of_birth
Patrick,Smith,9033 Robert Glens,
"Ruthfurt,",AS 11118,1975-01-13,
Shari,Chang,3461 Morgan Crossing Apt. 485,
Wigginstow,"n, DC 5292",1963-01-26,
Kerry,Lane,1527 Wells Forest,
Jeromeview,", NM 92963",1983-07-30,
Patricia,Hansen,254 Miles Rest,
North Ryan,"mouth, FM",46946          1988-12-07,
Jody,Frye,55814 Eric Falls,
Bethanyvie,"w, WI 8305",8            2005-02-04,
Johnny,Martinez,745 Whitehead Freeway Suite 921,
Lake Chris,"topher, 19",85-12-11,
Shannon,Morrison,"PSC 1272, Box 1669",
APO AE 174,30,1929-06-05,
Gabriel,Gallegos,310 Copeland Rue Suite 443,
Westcheste,"r, NM 2386",6  1961-05-10,
Kenneth,Lambert,5780 Brianna Trail Apt. 940,
North Dona,"ld, MT 727",502017-02-19,
Wayne,Blankenshi,16218 Lisa Vista Apt. 960,
"Scottland,",MD 57502,2000-11-01,
James,Castillo,246 Jimenez Turnpike Suite 442,
Davishaven,", SC 14192",021-06-22,
Michael,Leach,09945 Brewer Stream,
North Laur,"ie, NH 505",33        1948-04-02,
James,Conner,60613 Elliott Centers Suite 133,
Rodriguezl,"and, SC 19",55-07-07,
Matthew,Lawson,7973 Rojas Fords,
East Chris,"topher, MN",02740       1911-01-04,
Julie,Holmes,015 Brennan Place Suite 377,
"Masontown,",KY 98867,1948-12-26,
Sonya,Reyes,2612 Nunez Field Apt. 975,
East Willi,"am, VA 235",24  2012-01-03,
Travis,Stewart,78200 Katherine Rest,
Cindyburgh,", MS 98030",1958-04-24,
Andrea,Smith,2859 Whitney Orchard Apt. 359,
Summerfurt,", MO 69033",1954-05-13,
Henry,Gonzalez,141 Barnes Vista Apt. 984,
South Laur,"a, CO 5358",7   1915-06-17,
Michelle,Phillips,5252 Brian Branch Suite 258,
"Gillstad,",WA 77786,1960-12-01,
Randy,Murray,783 Shaw Courts,
East Troyf,"urt, FL 33",969           1996-04-21,
Raymond,Robbins,5756 Meyers Keys Suite 699,
Simmonssta,"d, OH 9064",5  1942-06-16,
Benjamin,Combs,11368 Schmidt Village,
South Jose,"ph, WV 187",43      1941-06-29,
Albert,Hardy,29111 Samantha Plains Suite 672,
Leeborough,", AR 53019",90-04-09,
Stephen,Whitney,2152 Caitlin Ports,
Trevorview,", ND 00595",1955-02-28,
Katrina,Payne,707 Little Field,
Schmidtlan,"d, AR 1014",6            1942-01-18,
Taylor,Vance,465 Debra Manors,
North Patr,ickchester,", UT 50666   1960-12-29",
Brittany,Chen,43284 Escobar Parkway Apt. 118,
Lake Bryan,"ville, WY2",005-12-05,
Tiffany,Evans,45730 Henderson Knolls Suite 928,
South Chri,"sbury, 196",9-03-06,
Kathleen,Kelly,497 Russell Streets,
Kimberlych,"ester, MA",51655     1911-03-04,
Debra,Davis,5197 Thompson Views Suite 408,
Port Joshu,"a, HI 0770",2009-02-19,
Joseph,Hull,209 Kathleen Views Suite 298,
South Chri,stianhaven,",1945-11-11",
William,Brooks,3033 Robinson Mission Apt. 714,
Danielvill,"e, ND 0272",002-09-10,
Tammie,Owens,30639 David Ways Apt. 811,
"Smithtown,",SC 65931,1980-05-23,
Bryan,Weaver,3450 Julie Ferry,
Garciaches,"ter, NC 73",664          1958-08-19,
Erin,Williams,894 Zachary Gardens,
Port Nicho,"las, CO 38",723       2017-03-18,
Christophe,Chaney,8391 Heather Forks Suite 850,
Marcusvill,"e, OH 9721",82022-07-13,
Jeremy,Cantrell,7015 Catherine Grove,
West Jenni,"ferview, L",A 89052  1970-09-20,
David,Wright,5988 Catherine Plains,
New Leslie,", SD 72137",1954-12-26,
Danielle,Shepherd,3712 Nicole Hollow,
Fergusonch,"ester, FL",79664      1949-07-18,
Larry,Contreras,3815 Kathryn Well Suite 449,
Lake Angel,"ica, PA 34",961945-02-17,
Carla,Bishop,02142 Margaret Ville Apt. 586,
Burkemouth,", SC 21106",1923-11-02,
James,Taylor,50400 Jenny Ramp Suite 153,
Larsonmout,"h, WA 3369",1  1923-08-14,
Lisa,Lara,3607 Gregory Parkway Apt. 584,
"South Kim,",MP 18675,1947-01-24,
Matthew,Turner,38173 Paul Causeway Suite 238,
Carrilloch,"ester, ME",1995-01-08,
Stephen,Strong,4905 Deborah Light Suite 831,
South Geof,"freystad,",N1915-04-11,
Jeremy,Barrett,299 Orozco Rest,
New Michae,"lview, PR",11529         2015-10-01,
Monica,Romero,649 Lance Road Suite 878,
Douglasshi,"re, WA 728",37   1936-07-02,
Erica,Walton,9165 Morgan Cove,
Teresaberg,", OH 40978",1987-04-25,
Bonnie,Vargas,1592 Nicholas Overpass,
Lake Denis,"eshire, AZ",50613 2012-01-08,
Holly,Anderson,96077 Potts Springs,
East Chris,"topher, TX",81178    1924-04-25,
Ralph,Rodriguez,35287 Robert Skyway,
New Courtn,"eybury, AR",08526    1965-09-12,
Michael,Glover,5734 Murphy Valleys,
Gregoryfur,"t, NC 4197",6         1921-02-25,
Darius,Beltran,809 Michael Vista,
North Broo,"keville, N",H 13591     2013-09-29,
Gregory,Ward,665 Elizabeth Locks Suite 550,
Aliciaches,"ter, OH 89",1966-06-16,
Mark,Hanson,464 Mcdonald Manor,
Hillcheste,"r, TN 9987",2          1917-10-04,
Mary,Cole,248 Young Pine,
Lake Peter,"port, AS 1",0479           1912-01-30,
Kevin,Johnson,7584 Kimberly Viaduct,
Staceymout,"h, MO 4413",2       1932-08-16,
Lisa,Ballard,162 Rita Union Suite 555,
Port Cynth,"iamouth, P",R 0551988-10-25,
Rodney,Boone,93930 Sean Springs Suite 254,
"Rileystad,",CA 62243,1919-12-03,
Julie,Ellis,7532 Joseph Parkways,
Martinside,", AL 59855",1915-06-10,
Erin,Alexander,"PSC 0456, Box 3019",
APO AE 854,88,1916-09-22,
Elaine,Fisher,51900 Patrick Knoll Suite 220,
East Josep,"hside, VA",1974-06-15,
Alexander,Gonzalez,"PSC 9609, Box 0682",
APO AE 054,86,2017-02-05,
Michelle,Gonzalez,5645 Byrd Haven Apt. 085,
East Kylet,"own, MN 86",892  2018-08-24,
Christophe,Conley,08515 Christopher Drive Apt. 573,
Lake Emily,", CO 46193",8-11-26,
Victoria,Johnson,7627 Riley Club,
Terranceto,"wn, AL 808",20            1955-07-31,
Bryan,Barker,33833 Meadows Loop Suite 983,
"Cohenside,",NE 23544,1924-02-28,
Leslie,Morris,86158 Sparks Springs,
Kristinafo,"rt, NJ 461",23       2017-01-22,
Ryan,Yates,824 Weeks Isle Apt. 519,
Lawsonmout,"h, SD 6461",0     1942-05-15,
James,Jones,99822 Daniel Pike Suite 579,
Port Paula,", OK 16602",1936-07-09,
Patrick,Joyce,343 Thomas Mews,
Lake Racha,"elchester,",IL 52630     1992-01-03,
David,Zamora,74437 Jeffery Cove,
South Ambe,"rside, OK",74851      1930-04-22,
Matthew,Carrillo,461 Cline Fort Apt. 844,
"Mossbury,",OH 25636,1932-12-11,
Michael,Taylor,USS Pugh,
FPO AA 758,72,1923-12-28,
Julie,Brennan,444 Morris Station,
"Ryanberg,",IN 44137,1961-04-14,
Raymond,Cooper,82423 Thomas Wall,
New Cather,"inefurt, C",T 58970     1969-07-09,
John,Terry,Unit 4629 Box 4269,
DPO AE 814,35,1937-10-26,
Daniel,Reeves,"PSC 7964, Box 1352",
APO AE 469,10,2002-12-24,
Marcus,Rodriguez,29047 George Pike,
New Kriste,"nfurt, MA",62501       1929-07-07,
April,Barnes,413 Blake Mews Suite 602,
North Ashl,"eystad, PW",72802014-08-24,
Jason,Schultz,520 Ricky Pine Suite 742,
Lake Chris,topherches,"ter, 1966-07-11",
Christy,Stark,USCGC Boyd,
FPO AE 640,81,1973-07-20,
Kimberly,Perez,786 Shawna Isle Apt. 198,
Taylorberg,", CO 79793",1910-12-24,
Jeffrey,Dillon,2347 Warner Place,
Port Chloe,", DC 07045",2009-09-23,
Cynthia,Cruz,2223 Huber Ways Apt. 898,
Port David,"shire, NY",788511934-04-22,
Sarah,Brooks,2107 Taylor Freeway Suite 610,
South John,"shire, IN",1948-03-06,
Nicole,Fernandez,6551 Campbell Course Apt. 477,
North Carr,"ie, OR 870",1915-12-29,
Vanessa,Parsons,156 Morales Estates Suite 225,
South Ange,"lchester,",1942-03-11,
Mark,Ryan,Unit 2059 Box 4847,
DPO AE 668,84,1947-05-16,
Dawn,Barker,603 Jessica Square Apt. 618,
Roberttown,", PR 50135",1969-07-01,
William,Davis,4482 Michele Overpass Apt. 754,
Christophe,"rberg, MD2",020-06-20,
Cynthia,Stewart,815 Watson Trail Apt. 438,
Stevenfort,", FL 42182",1915-12-06,
Alice,Henry,4941 Randy Throughway Apt. 046,
Lake Tonyb,"erg, MP 61",957-07-28,
Sherry,Gonzalez,197 Garcia Branch Suite 833,
Lake Keith,"furt, MT 9",162018-09-19,
Jacqueline,Jenkins,752 Donald Oval Suite 760,
Valentines,"tad, KY 66",142 2020-01-13,
Richard,Wade,05140 Hunter Haven Apt. 916,
Smithburgh,", MI 93571",1976-09-30,
Michele,Jackson,910 Tanner Ville Apt. 112,
"Lynnfurt,",ME 57402,1943-04-29,
Theresa,Robinson,565 Amber Prairie,
"Huynhside,",VI 53713,1917-09-19,
Robert,Miller,7166 Lopez Coves Apt. 863,
South Robe,"rtberg, FM",3912019-04-28,
